Trial Name ,Replicate #,Day,Arena,"Trial length (hours, pasted values)",Mouse ID,Mouse treatment,Mouse sex,BLT added to sock,Initial BLT (assumed on mouse; post sock infestation),Final BLT (# of ticks found on mouse),BLT % tick attachment,BLT_EAR,BLT_NOSE,BLT_EYES,BLT_CHIN,BLT_NECK,BLT_BACK,BLT_FACE,BLT_ARMS,BLT_TAIL,GCT added to sock,Initial GCT (assumed on mouse; post sock infestation),Final GCT (# of ticks found on mouse),GCT % tick attachment,GCT_NOSE,GCT_EARS,GCT_EYES,GCT_FACE,GCT_TOES,GCT_NECK,GCT_BACK,Distance moved (cm),Groom Freq (# of times grooming),Groom Cumulative Duration (sec),Proportion of Time Grooming,Groom Cumulative Duration (hours),Groom freq per hour (# of separate grooming bouts per hour),Percent time grooming,NOTES,BLT TICK SOURCE,GCT TICK SOURCE
1,1,0,1,22.50,DB233,CONTROL,M,0,,,,,,,,,,,,,0,,,,,,,,,,,252769,558,9240.57,0.114081111,2.57,24.80,10.35,,OK,OK
1,1,0,2,22.50,DB232,GCT,M,0,,,,,,,,,,,,,30,12,3,,,3,,,,,,45604.6,855,20742.8,0.256083951,5.76,38.00,15.16,,OK,OK
1,1,0,3,22.50,DB231,BLT,M,30,6,0,0.00%,,,,,,,,,,0.00,,,,,,,,,,,59206.1,537,11684.4,0.144251852,3.25,23.87,13.60,,OK,OK
1,1,0,4,22.50,BD251,BLTxGCT,M,15,2,0,0.00%,,,,,,,,,,15,11,4,36.36%,,3,,,1,,,37342.7,255,4674.54,0.05771037,1.30,11.33,11.46,,OK,OK
2,1,1,1,22.50,DB233,CONTROL,M,0,,,,,,,,,,,,,0,,,,,,,,,,,129250,451,9715.38,0.119942963,2.70,20.04,13.46,,OK,OK
2,1,1,2,22.50,DB232,GCT,M,0,,,,,,,,,,,,,30,12,3,,,3,,,,,,34566.1,640,12959.8,0.159997531,3.60,28.44,12.66,,OK,OK
2,1,1,3,22.50,DB231,BLT,M,30,6,0,0.00%,,,,,,,,,,0.00,,,,,,,,,,,24164.5,435,8982.82,0.110899012,2.50,19.33,12.91,,OK,OK
2,1,1,4,22.50,BD251,BLTxGCT,M,15,2,0,,,,,,,,,,,15,11,4,36.36%,,3,,,1,,,21732,389,8346.38,0.103041728,2.32,17.29,13.41,,OK,OK
3,1,2,1,23.25,DB233,CONTROL,M,0,,,,,,,,,,,,,0,,,,,,,,,,,154468,824,13420.8,0.160344086,3.73,35.44,10.52,,OK,OK
3,1,2,2,23.25,DB232,GCT,M,0,,,,,,,,,,,,,30,12,3,,,3,,,,,,33604,531,11320.7,0.135253286,3.14,22.84,13.77,,OK,OK
3,1,2,3,23.25,DB231,BLT,M,30,6,0,0.00%,,,,,,,,,,0.00,,,,,,,,,,,24836.3,450,8749.42,0.104533094,2.43,19.35,12.56,,OK,OK
3,1,2,4,23.25,BD251,BLTxGCT,M,15,2,0,0.00%,,,,,,,,,,15,11,4,36.36%,,3,,,1,,,34906.1,506,9939.77,0.118754719,2.76,21.76,12.69,,OK,OK
4,1,3,1,23.75,DB233,CONTROL,M,0,,,,,,,,,,,,,0,,,,,,,,,,,126581,425,7394.33,0.086483392,2.05,17.89,11.48,,OK,OK
4,1,3,2,23.75,DB232,GCT,M,0,,,,,,,,,,,,,30,12,3,,,3,,,,,,41279,896,19886.1,0.232585965,5.52,37.73,14.64,,OK,OK
4,1,3,3,23.75,DB231,BLT,M,30,6,0,0.00%,,,,,,,,,,0.00,,,,,,,,,,,26464.9,519,11010,0.12877193,3.06,21.85,14.00,,OK,OK
4,1,3,4,23.75,BD251,BLTxGCT,M,15,2,0,0.00%,,,,,,,,,,15,11,4,36.36%,,3,,,0,,,23721.1,418,8394.39,0.09818,2.33,17.60,13.25,,OK,OK
5,2,0,1,20.75,R288,BLTxGCT,F,15,6,0,0.00%,,,,,,,,,,15,11,2,,,1,,1,,,,46046.7,220,3523.32,0.047166265,0.98,10.60,9.23,Video file corrupted,OK,OK
5,2,0,2,20.75,R290,CONTROL,F,0,,,,,,,,,,,,,0,,,,,,,,,,,41352.6,400,6033.13,0.080764793,1.68,19.28,8.69,Video file corrupted,OK,OK
5,2,0,3,20.75,R291,BLT,F,30,0,0,0.00%,,,,,,,,,,0,,,,,,,,,,,17517.5,350,5759.33,0.077099465,1.60,16.87,9.48,Video file corrupted,OK,OK
5,2,0,4,20.75,R289,GCT,F,0,,,,,,,,,,,,,30,20,0,,,,,,,,,23085,292,5169.5,0.069203481,1.44,14.07,10.20,Video file corrupted,OK,OK
6,2,1,1,21.00,R288,BLTxGCT,F,15,6,0,0.00%,,,,,,,,,,15,11,2,,,1,,1,,,,35444.2,476,7661.93,0.10134828,2.13,22.67,9.39,,OK,OK
6,2,1,2,21.00,R290,CONTROL,F,0,,,,,,,,,,,,,0,,,,,,,,,,,28985,388,6975.34,0.092266402,1.94,18.48,10.49,,OK,OK
6,2,1,3,21.00,R291,BLT,F,30,0,0,0.00%,,,,,,,,,,0,,,,,,,,,,,16439.1,332,6932.77,0.091703307,1.93,15.81,12.18,,OK,OK
6,2,1,4,21.00,R289,GCT,F,0,,,,,,,,,,,,,30,20,0,,,,,,,,,21882.4,542,9413.68,0.124519577,2.61,25.81,10.13,,OK,OK
7,2,2,1,24.00,R288,BLTxGCT,F,15,6,0,0.00%,,,,,,,,,,15,11,2,,,1,,1,,,,42818.4,528,9391.36,0.108696296,2.61,22.00,11.86,,OK,OK
7,2,2,2,24.00,R290,CONTROL,F,0,,,,,,,,,,,,,0,,,,,,,,,,,36628,449,6158.32,0.071276852,1.71,18.71,9.14,,OK,OK
7,2,2,3,24.00,R291,BLT,F,30,0,0,0.00%,,,,,,,,,,0,,,,,,,,,,,30863.2,551,8330.1,0.096413194,2.31,22.96,10.08,,OK,OK
7,2,2,4,24.00,R289,GCT,F,0,,,,,,,,,,,,,30,20,0,,,,,,,,,31754.1,595,9281.92,0.10742963,2.58,24.79,10.40,,OK,OK
8,2,3,1,23.75,R288,BLTxGCT,F,15,6,0,0.00%,,,,,,,,,,15,11,2,,,1,,1,,,,61135.4,439,7769,0.090865497,2.16,18.48,11.68,,OK,OK
8,2,3,2,23.75,R290,CONTROL,F,0,,,,,,,,,,,,,0,,,,,,,,,,,31747.9,496,8081.68,0.094522573,2.24,20.88,10.75,,OK,OK
8,2,3,3,23.75,R291,BLT,F,30,0,0,0.00%,,,,,,,,,,0,,,,,,,,,,,26167.7,526,9116.75,0.106628655,2.53,22.15,11.43,,OK,OK
8,2,3,4,23.75,R289,GCT,F,0,,,,,,,,,,,,,30,20,0,,,,,,,,,25548,449,9287.79,0.108629123,2.58,18.91,13.65,,OK,OK
9,2,4,1,25.00,R288,BLTxGCT,F,15,6,0,0.00%,,,,,,,,,,15,11,2,,,1,,1,,,,44036.3,406,7833.17,0.087035222,2.18,16.24,13.40,,OK,OK
9,2,4,2,25.00,R290,CONTROL,F,0,,,,,,,,,,,,,0,,,,,,,,,,,25829.9,263,3978.31,0.044203444,1.11,10.52,10.50,,OK,OK
9,2,4,3,25.00,R291,BLT,F,30,0,0,0.00%,,,,,,,,,,0,,,,,,,,,,,17622.9,365,5297.6,0.058862222,1.47,14.60,10.08,,OK,OK
9,2,4,4,25.00,R289,GCT,F,0,,,,,,,,,,,,,30,20,0,,,,,,,,,26974.4,486,9870.54,0.109672667,2.74,19.44,14.10,,OK,OK
10,2,5,1,23.75,R288,BLTxGCT,F,15,6,0,0.00%,,,,,,,,,,15,11,2,,,1,,1,,,,39540.9,346,6216.05,0.072702339,1.73,14.57,11.85,Video file corrupted,OK,OK
10,2,5,2,23.75,R290,CONTROL,F,0,,,,,,,,,,,,,0,,,,,,,,,,,21405.7,174,3238.51,0.03787731,0.90,7.33,12.28,Video file corrupted,OK,OK
10,2,5,3,23.75,R291,BLT,F,30,0,0,0.00%,,,,,,,,,,0,,,,,,,,,,,16101.2,424,6568.37,0.076823041,1.82,17.85,10.22,Video file corrupted,OK,OK
10,2,5,4,23.75,R289,GCT,F,0,,,,,,,,,,,,,30,20,0,,,,,,,,,16868.3,277,4598.63,0.053785146,1.28,11.66,10.95,Video file corrupted,OK,OK
11,2,6,1,24.25,R288,BLTxGCT,F,15,6,0,0.00%,,,,,,,,,,15,11,2,,,1,,1,,,,40655.1,462,8916.95,0.102141466,2.48,19.05,13.00,,OK,OK
11,2,6,2,24.25,R290,CONTROL,F,0,,,,,,,,,,,,,0,,,,,,,,,,,21545.4,234,4868.47,0.055767125,1.35,9.65,14.01,,OK,OK
11,2,6,3,24.25,R291,BLT,F,30,0,0,0.00%,,,,,,,,,,0,,,,,,,,,,,22380.1,457,7330.63,0.083970561,2.04,18.85,10.81,,OK,OK
11,2,6,4,24.25,R289,GCT,F,0,,,,,,,,,,,,,30,20,0,,,,,,,,,20527.4,229,2725.89,0.031224399,0.76,9.44,8.02,,OK,OK
1,3,0,1,19.25,DB307,GCT,M,0,,,,,,,,,,,,,30,10,2,20.00%,,,,,,,,240510,396,7140.64,0.103039538,1.98,20.57,10.30,,OK,OK
1,3,0,2,19.25,DB308,BLTxGCT,M,15,0,0,0.00%,,,,,,,,,,15,6,0,0.00%,,,,,,,,96743.6,459,6537.3,0.094333333,1.82,23.84,9.43,,OK,OK
1,3,0,3,19.25,DB309,CONTROL,M,0,,,,,,,,,,,,,0,,,,,,,,,,,104066,312,4861.36,0.070149495,1.35,16.21,7.01,,OK,OK
1,3,0,4,19.25,DB310,BLT,M,30,8,1,12.50%,,,,,,,,,,0,,,,,,,,,,,121224,865,15905.6,0.229518038,4.42,44.94,22.95,,OK,OK
2,3,1,1,25.50,DB307,GCT,M,0,,,,,,,,,,,,,30,10,2,20.00%,,,,,,,,33578.8,224,3960.33,0.04314085,1.10,8.78,12.52,,OK,OK
2,3,1,2,25.50,DB308,BLTxGCT,M,15,0,0,0.00%,T,,,,,,,,,15,6,0,0.00%,,,,,,,,37278.7,343,6782.72,0.073885839,1.88,13.45,14.01,,OK,OK
2,3,1,3,25.50,DB309,CONTROL,M,0,,,,,,,,,,,,,0,,,,,,,,,,,25939.9,161,3597.33,0.039186601,1.00,6.31,15.83,,OK,OK
2,3,1,4,25.50,DB310,BLT,M,30,8,1,12.50%,,,,,,,,,,0,,,,,,,,,,,33740.4,277,5684.55,0.061923203,1.58,10.86,14.54,,OK,OK
3,3,2,1,22.00,DB307,GCT,M,0,,,,,,,,,,,,,30,10,2,20.00%,,1,1,,,,,46797.1,,,,,,,,OK,OK
3,3,2,2,22.00,DB308,BLTxGCT,M,15,0,0,0.00%,,,,,,,,,,15,6,0,0.00%,,,,,,,,59851.4,,,,,,,,OK,OK
3,3,2,3,22.00,DB309,CONTROL,M,0,,,,,,,,,,,,,0,,,,,,,,,,,47252.8,,,,,,,,OK,OK
4,3,3,1,27.00,DB307,GCT,M,0,,,,,,,,,,,,,30,10,2,20.00%,,0,0,,,,,3801.52,63,1460.86,0.015029424,0.41,2.33,17.39,,OK,OK
4,3,3,2,27.00,DB308,BLTxGCT,M,15,0,0,0.00%,,,,,,,,,,15,6,0,0.00%,,,,,,,,4716.19,66,1947.78,0.020038889,0.54,2.44,22.13,,OK,OK
4,3,3,3,27.00,DB309,CONTROL,M,0,,,,,,,,,,,,,0,,,,,,,,,,,2875.76,44,1475.14,0.015176337,0.41,1.63,25.14,,OK,OK
4,3,3,4,27.00,DB310,BLT,M,30,8,1,12.50%,1,,,,,,,,,0,,,,,,,,,,,4001.47,62,1753.79,0.018043107,0.49,2.30,21.22,,OK,OK
5,3,4,1,23.50,DB307,GCT,M,0,,,,,,,,,,,,,30,10,2,20.00%,,0,0,,,,,43146.4,363,5125.19,0.060581442,1.42,15.45,9.22,,OK,OK
5,3,4,2,23.50,DB308,BLTxGCT,M,15,0,0,0.00%,,,,,,,,,,15,6,0,0.00%,,,,,,,,49067.6,661,14573.6,0.172264775,4.05,28.13,14.39,,OK,OK
5,3,4,3,23.50,DB309,CONTROL,M,0,,,,,,,,,,,,,0,,,,,,,,,,,39421,131,1520.29,0.017970331,0.42,5.57,7.58,,OK,OK
5,3,4,4,23.50,DB310,BLT,M,30,8,1,12.50%,1,,,,,,,,,0,,,,,,,,,,,68476.5,626,11126.9,0.131523641,3.09,26.64,11.60,,OK,OK
6,4,0,1,23.25,R270,BLT,F,30,13,9,69.23%,,,,,,,,,,0,,,,,,,,,,,66359.7,,,,,,,,OK,OK
6,4,0,2,23.25,R271,BLTxGCT,F,15,4,2,50.00%,,,,,,,,,,15,2,2,100.00%,,,,,,,,60928.9,,,,,,,,OK,OK
6,4,0,3,23.25,R272,GCT,F,0,,,,,,,,,,,,,30,15,0,0.00%,,,,,,,,44874.6,,,,,,,,OK,OK
6,4,0,4,23.25,R274,CONTROL,F,0,,,,,,,,,,,,,0,,,,,,,,,,,64685.4,,,,,,,,OK,OK
7,4,1,1,24.00,R270,BLT,F,30,13,9,69.23%,,,,,,,,,,0,,,,,,,,,,,41842.9,492,10770.7,0.12466088,2.99,20.50,14.59,,OK,OK
7,4,1,2,24.00,R271,BLTxGCT,F,15,4,2,50.00%,,,,,,,,,,15,2,2,100.00%,,,,,,,,56729.3,400,6783.65,0.078514468,1.88,16.67,11.31,,OK,OK
7,4,1,3,24.00,R272,GCT,F,0,,,,,,,,,,,,,30,15,0,0.00%,,,,,,,,35372.6,532,9569.37,0.110756597,2.66,22.17,11.99,,OK,OK
7,4,1,4,24.00,R274,CONTROL,F,0,,,,,,,,,,,,,0,,,,,,,,,,,27974.4,194,3737.1,0.043253472,1.04,8.08,12.84,,OK,OK
8,4,2,1,23.50,R270,BLT,F,30,13,9,69.23%,3,,3,1,2,,,,,0,,,,,,,,,,,21265.5,296,6954.92,0.082209456,1.93,12.60,15.34,,OK,OK
8,4,2,2,23.50,R271,BLTxGCT,F,15,4,2,50.00%,1,,,,,,,,,15,2,2,100.00%,,1,1,,,,,28376.9,257,5203.87,0.061511466,1.45,10.94,13.22,,OK,OK
8,4,2,3,23.50,R272,GCT,F,0,,,,,,,,,,,,,30,15,0,0.00%,,,,,,,,20668.3,321,5985.89,0.070755201,1.66,13.66,12.17,,OK,OK
8,4,2,4,23.50,R274,CONTROL,F,0,,,,,,,,,,,,,0,,,,,,,,,,,30482.6,155,3755.09,0.044386407,1.04,6.60,15.81,,OK,OK
9,4,3,1,24.25,R270,BLT,F,30,13,9,69.23%,2,,3,1,2,,,,,0,,,,,,,,,,,12229.7,179,4517.85,0.051750859,1.25,7.38,17.00,,OK,OK
9,4,3,2,24.25,R271,BLTxGCT,F,15,4,2,50.00%,1,,,,,,,,,15,2,2,100.00%,,1,1,,,,,18292,233,4505.14,0.051605269,1.25,9.61,13.02,,OK,OK
9,4,3,3,24.25,R272,GCT,F,0,,,,,,,,,,,,,30,15,0,0.00%,,,,,,,,13888.3,258,5348.48,0.061265521,1.49,10.64,13.96,,OK,OK
9,4,3,4,24.25,R274,CONTROL,F,0,,,,,,,,,,,,,0,,,,,,,,,,,15377.2,126,1727.63,0.019789576,0.48,5.20,9.24,,OK,OK
10,4,4,1,20.00,R270,BLT,F,30,13,9,69.23%,2,,3,1,2,,,,,0,,,,,,,,,,,11622.5,161,2789.39,0.038741528,0.77,8.05,9.63,,OK,OK
10,4,4,2,20.00,R271,BLTxGCT,F,15,4,2,50.00%,1,,,,,,,,,15,2,2,100.00%,,1,1,,,,,33216.7,446,12011.6,0.166827778,3.34,22.30,14.96,,OK,OK
10,4,4,3,20.00,R272,GCT,F,0,,,,,,,,,,,,,30,15,0,0.00%,,,,,,,,16046.8,188,3140.07,0.043612083,0.87,9.40,9.28,,OK,OK
11,4,5,1,26.50,R270,BLT,F,30,13,9,69.23%,2,,3,1,2,,,,,0,,,,,,,,,,,23889.2,355,9463.2,0.099194969,2.63,13.40,19.62,,OK,OK
11,4,5,2,26.50,R271,BLTxGCT,F,30,4,2,50.00%,1,,,,,,,,,0,2,2,100.00%,,1,0,,,,,38463.7,543,16131.7,0.169095388,4.48,20.49,21.87,,OK,OK
11,4,5,3,26.50,R272,GCT,F,0,,,,,,,,,,,,,15,15,0,0.00%,,,,,,,,24914.2,329,6426.39,0.067362579,1.79,12.42,14.38,,OK,OK
11,4,5,4,26.50,R274,CONTROL,F,0,,,,,,,,,,,,,0,,,,,,,,,,,15503.3,209,6066.1,0.063585954,1.69,7.89,21.37,,OK,OK
12,4,6,1,23.00,R270,BLT,F,30,13,9,69.23%,0,,0,0,0,,,,,0,,,,,,,,,,,7082.27,107,2504.3,0.030245169,0.70,4.65,14.95,,OK,OK
12,4,6,2,23.00,R271,BLTxGCT,F,30,4,2,50.00%,0,,,,,,,,,0,2,2,100.00%,,0,0,,,,,25049.7,318,7037.27,0.084991184,1.95,13.83,14.14,,OK,OK
12,4,6,3,23.00,R272,GCT,F,0,,,,,,,,,,,,,15,15,0,0.00%,,,,,,,,6054.81,90,2186.89,0.026411715,0.61,3.91,15.52,,OK,OK
12,4,6,4,23.00,R274,CONTROL,F,0,,,,,,,,,,,,,0,,,,,,,,,,,26680.8,309,10845.1,0.130979469,3.01,13.43,22.42,,OK,OK
13,5,0,1,21.75,DB260,BLT,M,30,8,4,50.00%,,,,,,,,,,0,,,,,,,,,,,62319.6,456,8306.31,0.106083142,2.31,20.97,11.01,,OK,OK
13,5,0,2,21.75,DB266,GCT,M,0,,,,,,,,,,,,,30,25,11,44.00%,,,,,,,,66763,315,4986.45,0.063683908,1.39,14.48,9.56,,OK,OK
13,5,0,3,21.75,DB281,BLTxGCT,M,15,7,7,100.00%,,,,,,,,,,15,11,2,18.18%,,,,,,,,26361.6,284,4836,0.061762452,1.34,13.06,10.29,,OK,OK
13,5,0,4,21.75,DB309,CONTROL,M,0,,,,,,,,,,,,,0,,,,,,,,,,,46149.1,202,3225.43,0.041193231,0.90,9.29,9.65,,OK,OK
14,5,1,1,21.75,DB260,BLT,M,30,8,4,50.00%,,,,,,,,,,0,,,,,,,,,,,37629.1,333,8222.16,0.105008429,2.28,15.31,14.92,,OK,OK
14,5,1,2,21.75,DB266,GCT,M,0,,,,,,,,,,,,,30,25,11,44.00%,,,,,,,,38625.6,548,11881.5,0.151743295,3.30,25.20,13.10,,OK,OK
14,5,1,3,21.75,DB281,BLTxGCT,M,15,7,7,100.00%,,,,,,,,,,15,11,2,18.18%,,,,,,,,37669.4,524,9710.38,0.12401507,2.70,24.09,11.20,,OK,OK
14,5,1,4,21.75,DB309,CONTROL,M,0,,,,,,,,,,,,,0,,,,,,,,,,,51657.5,276,3952.79,0.050482631,1.10,12.69,8.65,,OK,OK
15,5,2,1,21.75,DB260,BLT,M,30,8,4,50.00%,1,,1,1,,,,,,0,,,,,,,,,,,26962.2,343,10101.3,0.129007663,2.81,15.77,17.79,,OK,OK
15,5,2,2,21.75,DB266,GCT,M,0,,,,,,,,,,,,,30,25,11,44.00%,,11,,,,,,42998.2,671,13130.9,0.167699872,3.65,30.85,11.82,,OK,OK
15,5,2,3,21.75,DB281,BLTxGCT,M,15,7,7,100.00%,3,,,,,,,,1,15,11,2,18.18%,,2,,,,,,43243.4,433,6864.8,0.087673052,1.91,19.91,9.58,,OK,OK
15,5,2,4,21.75,DB309,CONTROL,M,0,,,,,,,,,,,,,0,,,,,,,,,,,45112.2,367,5620.85,0.071786079,1.56,16.87,9.25,,OK,OK
16,5,3,1,25.00,DB260,BLT,M,30,8,4,50.00%,1,,1,1,,,,,,0,,,,,,,,,,,28503.1,326,11645.9,0.129398889,3.23,13.04,24.81,,OK,OK
16,5,3,2,25.00,DB266,GCT,M,0,,,,,,,,,,,,,30,25,11,44.00%,,11,,,,,,44720.6,855,15779.4,0.175326667,4.38,34.20,12.82,,OK,OK
16,5,3,3,25.00,DB281,BLTxGCT,M,15,7,7,100.00%,3,,2,,,,,,1,15,11,2,18.18%,,2,,,,,,38783.8,431,9530,0.105888889,2.65,17.24,15.36,,OK,OK
16,5,3,4,25.00,DB309,CONTROL,M,0,,,,,,,,,,,,,0,,,,,,,,,,,24121.7,135,1479.78,0.016442,0.41,5.40,7.61,,OK,OK
17,5,4,1,24.00,DB260,BLT,M,30,8,4,50.00%,1,1,1,1,,,,,,0,,,,,,,,,,,52415.9,632,17108.2,0.198011574,4.75,26.33,18.05,,OK,OK
17,5,4,2,24.00,DB266,GCT,M,0,,,,,,,,,,,,,30,25,11,44.00%,,11,,,,,,52257.9,848,14445.3,0.167190972,4.01,35.33,11.36,,OK,OK
17,5,4,3,24.00,DB281,BLTxGCT,M,15,7,7,100.00%,3,1,1,,,,,,1,15,11,2,18.18%,,1,,,,,,39110.1,317,4890.09,0.056598264,1.36,13.21,10.28,,OK,OK
17,5,4,4,24.00,DB309,CONTROL,M,0,,,,,,,,,,,,,0,,,,,,,,,,,35221,262,3973.01,0.045983912,1.10,10.92,10.11,,OK,OK
18,5,5,1,24.00,DB260,BLT,M,30,8,4,50.00%,0,0,0,0,,,,,,0,,,,,,,,,,,29374.2,367,9036.3,0.104586806,2.51,15.29,16.41,,OK,OK
18,5,5,2,24.00,DB266,GCT,M,0,,,,,,,,,,,,,30,25,11,44.00%,,11,,,,,,47972.4,369,5487.52,0.063512963,1.52,15.38,9.91,,OK,OK
18,5,5,3,24.00,DB281,BLTxGCT,M,15,7,7,100.00%,2,1,0,,,,,,1,15,11,2,18.18%,,0,,,,,,22894.6,293,7229.03,0.083669329,2.01,12.21,16.45,,OK,OK
18,5,5,4,24.00,DB309,CONTROL,M,0,,,,,,,,,,,,,0,,,,,,,,,,,21820.8,186,2079.71,0.024070718,0.58,7.75,7.45,,OK,OK
19,6,0,1,20.50,R167,BLT,F,30,6,2,33.33%,,,,,,,,,,0,,,,,,,,,,,846895,649,11592.2,0.157075881,3.22,31.66,10.17,,WI,OK
19,6,0,2,20.50,R275,BLTxGCT,F,15,5,0,0.00%,,,,,,,,,,15,4,0,0.00%,,,,,,,,73637.3,165,1792.26,0.024285366,0.50,8.05,6.19,,WI,OK
19,6,0,3,20.50,R277,GCT,F,0,,,,,,,,,,,,,30,18,6,33.33%,,,,,,,,65746.9,615,11972.5,0.162228997,3.33,30.00,11.09,,WI,OK
19,6,0,4,20.50,R293,CONTROL,F,0,,,,,,,,,,,,,0,,,,,,,,,,,102202,634,9644.81,0.130688482,2.68,30.93,8.66,,WI,OK
20,6,1,1,23.50,R167,BLT,F,30,6,2,33.33%,,,,,,,,,,0,,,,,,,,,,,1362920,543,10578,0.125035461,2.94,23.11,12.72,,WI,OK
20,6,1,2,23.50,R275,BLTxGCT,F,15,5,0,0.00%,,,,,,,,,,15,4,0,0.00%,,,,,,,,22330.4,233,4187.45,0.049497045,1.16,9.91,11.73,,WI,OK
20,6,1,3,23.50,R277,GCT,F,0,,,,,,,,,,,,,30,18,6,33.33%,,,,,,,,46394.4,544,11467,0.135543735,3.19,23.15,13.76,,WI,OK
20,6,1,4,23.50,R293,CONTROL,F,0,,,,,,,,,,,,,0,,,,,,,,,,,75139.8,599,11675.9,0.138013002,3.24,25.49,12.72,,WI,OK
21,6,2,1,22.50,R167,BLT,F,30,6,2,33.33%,2,,,,,,,,,0,,,,,,,,,,,745066,383,8140.64,0.100501728,2.26,17.02,13.28,,WI,OK
21,6,2,2,22.50,R275,BLTxGCT,F,15,5,0,0.00%,,,,,,,,,,15,4,0,0.00%,,,,,,,,16408.7,230,4264.03,0.052642346,1.18,10.22,11.59,,WI,OK
21,6,2,3,22.50,R277,GCT,F,0,,,,,,,,,,,,,30,18,6,33.33%,,2,,,,,,39191.8,577,15672.1,0.193482716,4.35,25.64,16.98,,WI,OK
21,6,2,4,22.50,R293,CONTROL,F,0,,,,,,,,,,,,,0,,,,,,,,,,,39718.3,403,8346.81,0.103047037,2.32,17.91,12.94,,WI,OK
22,6,3,1,23.25,R167,BLT,F,30,6,2,33.33%,2,,,,,,,,,0,,,,,,,,,,,942681,380,7992.83,0.095493787,2.22,16.34,13.58,,WI,OK
22,6,3,2,23.25,R275,BLTxGCT,F,15,5,0,0.00%,,,,,,,,,,15,4,0,0.00%,,,,,,,,25332,96,1155.82,0.01380908,0.32,4.13,7.78,,WI,OK
22,6,3,3,23.25,R277,GCT,F,0,,,,,,,,,,,,,30,18,6,33.33%,,1,,,,,,24232.9,397,6610.74,0.078981362,1.84,17.08,10.75,,WI,OK
22,6,3,4,23.25,R293,CONTROL,F,0,,,,,,,,,,,,,0,,,,,,,,,,,41887.2,558,9783.72,0.116890323,2.72,24.00,11.32,,WI,OK
23,6,4,1,25.00,R167,BLT,F,30,6,2,33.33%,1,,,,,,,,,0,,,,,,,,,,,675210,450,8592.09,0.095467667,2.39,18.00,13.26,,WI,OK
23,6,4,2,25.00,R275,BLTxGCT,F,15,5,0,0.00%,,,,,,,,,,15,4,0,0.00%,,,,,,,,15333.4,207,2408.51,0.026761222,0.67,8.28,8.08,,WI,OK
23,6,4,3,25.00,R277,GCT,F,0,,,,,,,,,,,,,30,18,6,33.33%,,5,,,,,,28255.3,312,5838.87,0.064876333,1.62,12.48,13.00,,WI,OK
23,6,4,4,25.00,R293,CONTROL,F,0,,,,,,,,,,,,,0,,,,,,,,,,,50982.8,561,10819,0.120211111,3.01,22.44,13.39,,WI,OK
24,6,5,1,23.75,R167,BLT,F,30,6,2,33.33%,0,,,,,,,,,0,,,,,,,,,,,782302,423,6638.84,0.077647251,1.84,17.81,10.35,,WI,OK
24,6,5,2,23.75,R275,BLTxGCT,F,15,5,0,0.00%,,,,,,,,,,15,4,0,0.00%,,,,,,,,13275.4,107,1225.46,0.014332865,0.34,4.51,7.56,,WI,OK
24,6,5,3,23.75,R277,GCT,F,0,,,,,,,,,,,,,30,18,6,33.33%,,4,,,,,,18943.7,216,4092.09,0.047860702,1.14,9.09,12.50,,WI,OK
24,6,5,4,23.75,R293,CONTROL,F,0,,,,,,,,,,,,,0,,,,,,,,,,,46398.5,470,9550.08,0.111696842,2.65,19.79,13.41,,WI,OK
25,6,6,1,24.00,R167,BLT,F,30,6,2,33.33%,0,,,,,,,,,0,,,,,,,,,,,42919.7,17,332.466,0.003847986,0.09,0.71,13.04,,WI,OK
25,6,6,2,24.00,R275,BLTxGCT,F,15,5,0,0.00%,,,,,,,,,,15,4,0,0.00%,,,,,,,,605.82,,,,,,,,WI,OK
25,6,6,3,24.00,R277,GCT,F,0,,,,,,,,,,,,,30,18,6,33.33%,,4,,,,,,3269.42,45,547.247,0.006333877,0.15,1.88,8.11,,WI,OK
25,6,6,4,24.00,R293,CONTROL,F,0,,,,,,,,,,,,,0,,,,,,,,,,,12370.2,,,,,,,,WI,OK
26,7,0,1,20.00,DB300,GCT,M,0,,,,,,,,,,,,,30,28,6,21.43%,,,,,,,,96532.8,823,18248.4,0.25345,5.07,41.15,12.32,,,OK
26,7,0,2,20.00,DB301,CONTROL,M,0,,,,,,,,,,,,,0,,,,,,,,,,,49633.2,483,6970.07,0.096806528,1.94,24.15,8.02,,,OK
26,7,0,3,20.00,DB302,BLTxGCT,M,15,8,2,25.00%,,,,,,,,,,15,13,4,30.77%,,,,,,,,69519.3,405,7802.54,0.108368611,2.17,20.25,10.70,,,OK
26,7,0,4,20.00,DB303,BLT,M,30,13,9,69.23%,,,,,,,,,,0,,,,,,,,,,,84798.8,375,5953.72,0.082690556,1.65,18.75,8.82,,,OK
27,7,1,1,23.00,DB300,GCT,M,0,,,,,,,,,,,,,30,28,6,21.43%,,,,,,,,58021.5,694,15321.6,0.185043478,4.26,30.17,14.10,,,OK
27,7,1,2,23.00,DB301,CONTROL,M,0,,,,,,,,,,,,,0,,,,,,,,,,,48902.6,473,9015.05,0.108877415,2.50,20.57,12.18,,,OK
27,7,1,3,23.00,DB302,BLTxGCT,M,15,8,2,25.00%,,,,,,,,,,15,13,4,30.77%,,,,,,,,54208.2,580,11646.7,0.140660628,3.24,25.22,12.83,,,OK
27,7,1,4,23.00,DB303,BLT,M,30,13,9,69.23%,,,,,,,,,,0,,,,,,,,,,,104235,624,10596.1,0.127972222,2.94,27.13,10.85,,,OK
28,7,2,1,23.50,DB300,GCT,M,0,,,,,,,,,,,,,30,28,6,21.43%,,6,,,,,,62382.9,997,19333.5,0.228528369,5.37,42.43,12.66,,,OK
28,7,2,2,23.50,DB301,CONTROL,M,0,,,,,,,,,,,,,0,,,,,,,,,,,52139.8,353,6015.72,0.071107801,1.67,15.02,11.12,,,OK
28,7,2,3,23.50,DB302,BLTxGCT,M,15,8,2,25.00%,1,,,,,1,,,,15,13,4,30.77%,,3,,,,,1,53771.9,503,10592.6,0.125208038,2.94,21.40,13.75,,,OK
28,7,2,4,23.50,DB303,BLT,M,30,13,9,69.23%,4,4,,,,,1,,,0,,,,,,,,,,,112114,603,10035.5,0.118622931,2.79,25.66,10.86,,,OK
29,7,3,1,25.00,DB300,GCT,M,0,,,,,,,,,,,,,30,28,6,21.43%,,5,,,,,,57449.5,925,23401.4,0.260015556,6.50,37.00,17.57,,,OK
29,7,3,2,25.00,DB301,CONTROL,M,0,,,,,,,,,,,,,0,,,,,,,,,,,55937.8,461,8154.45,0.090605,2.27,18.44,12.28,,,OK
29,7,3,3,25.00,DB302,BLTxGCT,M,15,8,2,25.00%,1,,,,,1,,,,15,13,4,30.77%,,3,,,,,1,63071.7,843,17841.1,0.198234444,4.96,33.72,14.70,,,OK
29,7,3,4,25.00,DB303,BLT,M,30,13,9,69.23%,4,4,,,,,1,,,0,,,,,,,,,,,139619,593,10512.3,0.116803333,2.92,23.72,12.31,,,OK
30,7,4,1,22.00,DB300,GCT,M,0,,,,,,,,,,,,,30,28,6,21.43%,,5,,,,,,45529.4,948,24620,0.310858586,6.84,43.09,15.87,,,OK
30,7,4,2,22.00,DB301,CONTROL,M,0,,,,,,,,,,,,,0,,,,,,,,,,,62262.2,430,7549.88,0.095326768,2.10,19.55,10.73,,,OK
30,7,4,3,22.00,DB302,BLTxGCT,M,15,8,2,25.00%,1,,,,,0,,,,15,13,4,30.77%,,3,,,,,1,54755.8,791,17196,0.217121212,4.78,35.95,13.29,,,OK
30,7,4,4,22.00,DB303,BLT,M,30,13,9,69.23%,3,2,,,,,1,,,0,,,,,,,,,,,74133,508,11347.3,0.14327399,3.15,23.09,13.65,,,OK
31,7,5,1,22.50,DB300,GCT,M,0,,,,,,,,,,,,,30,28,6,21.43%,,5,,,,,,32311.1,537,10368.7,0.128008642,2.88,23.87,12.07,,,OK
31,7,5,2,22.50,DB301,CONTROL,M,0,,,,,,,,,,,,,0,,,,,,,,,,,72140.6,404,7817.98,0.096518272,2.17,17.96,12.09,,,OK
31,7,5,3,22.50,DB302,BLTxGCT,M,15,8,2,25.00%,0,,,,,0,,,,15,13,4,30.77%,,2,,,,,1,64330.6,779,15856.6,0.195760494,4.40,34.62,12.72,,,OK
31,7,5,4,22.50,DB303,BLT,M,30,13,9,69.23%,0,0,,,,,0,,,0,,,,,,,,,,,57202.9,497,10891,0.13445679,3.03,22.09,13.70,,,OK
32,8,0,1,24.00,R173,BLTxGCT,F,15,6,1,16.67%,,,,,,,,,,15,7,4,57.14%,,,,,,,,40121.4,155,1810.08,0.02095,0.50,6.46,7.79,,,OK
32,8,0,2,24.00,R281,BLT,F,30,11,9,81.82%,,,,,,,,,,0,,,,,,,,,,,681622,352,6278.85,0.072671875,1.74,14.67,11.89,,,OK
32,8,0,3,24.00,R282,GCT,F,0,,,,,,,,,,,,,30,24,11,45.83%,,,,,,,,711361,495,7703.9,0.089165509,2.14,20.63,10.38,,,OK
32,8,0,4,24.00,R283,CONTROL,F,0,,,,,,,,,,,,,0,,,,,,,,,,,500449,610,12279.3,0.142121528,3.41,25.42,13.42,,,OK
33,8,1,1,24.50,R173,BLTxGCT,F,15,6,1,16.67%,,,,,,,,,,15,7,4,57.14%,,,,,,,,13351.9,98,1379.91,0.015645238,0.38,4.00,9.58,,,OK
33,8,1,2,24.50,R281,BLT,F,30,11,9,81.82%,,,,,,,,,,0,,,,,,,,,,,360543,219,4815.72,0.0546,1.34,8.94,14.97,,,OK
33,8,1,3,24.50,R282,GCT,F,0,,,,,,,,,,,,,30,24,11,45.83%,,,,,,,,147847,285,6194.76,0.070235374,1.72,11.63,14.79,,,OK
33,8,1,4,24.50,R283,CONTROL,F,0,,,,,,,,,,,,,0,,,,,,,,,,,367908,184,3464.83,0.039283787,0.96,7.51,12.82,,,OK
34,8,2,1,23.00,R173,BLTxGCT,F,15,6,1,16.67%,,,1,,,,,,,15,7,4,57.14%,,4,,,,,,20544,236,3610.28,0.043602415,1.00,10.26,9.77,,,OK
34,8,2,2,23.00,R281,BLT,F,30,11,9,81.82%,8,,,,,,,1,,0,,,,,,,,,,,350043,354,6470.14,0.078141787,1.80,15.39,11.68,,,OK
34,8,2,3,23.00,R282,GCT,F,0,,,,,,,,,,,,,30,24,11,45.83%,,10,,,,,,650700,375,6345.11,0.076631763,1.76,16.30,10.81,,,OK
34,8,2,4,23.00,R283,CONTROL,F,0,,,,,,,,,,,,,0,,,,,,,,,,,445122,639,10652.2,0.128649758,2.96,27.78,10.65,,,OK
35,8,3,1,23.25,R173,BLTxGCT,F,15,6,1,16.67%,,,1,,,,,,,15,7,4,57.14%,,4,,,,,,21006.7,303,5577.34,0.066634886,1.55,13.03,11.89,,,OK
35,8,3,2,23.25,R281,BLT,F,30,11,9,81.82%,7,,,,,,,1,,0,,,,,,,,,,,418677,322,6399.77,0.076460812,1.78,13.85,12.84,,,OK
35,8,3,3,23.25,R282,GCT,F,0,,,,,,,,,,,,,30,24,11,45.83%,,10,,,,,,487318,416,8705.47,0.104008005,2.42,17.89,13.52,,,OK
35,8,3,4,23.25,R283,CONTROL,F,0,,,,,,,,,,,,,0,,,,,,,,,,,245133,388,5720.05,0.068339904,1.59,16.69,9.52,,,OK
36,8,4,1,23.50,R173,BLTxGCT,F,15,6,1,16.67%,,,1,,,,,,,15,7,4,57.14%,,4,,,,,,38378,528,9468.4,0.111919622,2.63,22.47,11.71,,,OK
36,8,4,2,23.50,R281,BLT,F,30,11,9,81.82%,4,,,,,,,0,,0,,,,,,,,,,,309436,291,6279.21,0.07422234,1.74,12.38,14.09,,,OK
36,8,4,3,23.50,R282,GCT,F,0,,,,,,,,,,,,,30,24,11,45.83%,,11,,,,,,305097,458,9211.58,0.108883924,2.56,19.49,13.13,,,OK
36,8,4,4,23.50,R283,CONTROL,F,0,,,,,,,,,,,,,0,,,,,,,,,,,290193,463,7763.96,0.091772577,2.16,19.70,10.95,,,OK
37,8,5,1,24.50,R173,BLTxGCT,F,15,6,1,16.67%,,,0,,,,,,,15,7,4,57.14%,,4,,,,,,32714.2,514,9186.35,0.104153628,2.55,20.98,12.16,,,OK
37,8,5,2,24.50,R281,BLT,F,30,11,9,81.82%,0,,,,,,,0,,0,,,,,,,,,,,561807,426,7097.13,0.080466327,1.97,17.39,11.34,,,OK
37,8,5,3,24.50,R282,GCT,F,0,,,,,,,,,,,,,30,24,11,45.83%,,11,,,,,,207681,356,5287.72,0.059951474,1.47,14.53,10.11,,,OK
37,8,5,4,24.50,R283,CONTROL,F,0,,,,,,,,,,,,,0,,,,,,,,,,,153533,366,5309.74,0.060201134,1.47,14.94,9.87,,,OK
38,9,0,1,23.50,DB304,GCT,M,0,,,,,,,,,,,,,30,22,8,36.36%,,,,,,,,13568.4,182,3668.2,0.043359338,1.02,7.74,13.16,"MISSING DAY 3 DATA, POWER SURGE + COMPUTER TURNED OFF",,OK
38,9,0,2,23.50,DB305,CONTROL,M,0,,,,,,,,,,,,,0,,,#DIV/0!,,,,,,,,75712.5,430,6797.06,0.080343499,1.89,18.30,10.32,"MISSING DAY 3 DATA, POWER SURGE + COMPUTER TURNED OFF",,OK
38,9,0,3,23.50,DB306,BLT,M,30,11,1,9.09%,,,,,,,,,,0,,,,,,,,,,,52754.6,564,9072.87,0.107244326,2.52,24.00,10.50,"MISSING DAY 3 DATA, POWER SURGE + COMPUTER TURNED OFF",,OK
38,9,0,4,23.50,DB311,BLTxGCT,M,15,3,1,33.33%,,,,,,,,,,15,6,4,66.67%,,,,,,,,57960,495,8657.96,0.102339953,2.40,21.06,11.42,"MISSING DAY 3 DATA, POWER SURGE + COMPUTER TURNED OFF",,OK
39,9,1,1,21.50,DB304,GCT,M,0,,,,,,,,,,,,,30,22,8,36.36%,,,,,,,,11872.7,263,5150.65,0.066545866,1.43,12.23,11.70,"MISSING DAY 3 DATA, POWER SURGE + COMPUTER TURNED OFF",,OK
39,9,1,2,21.50,DB305,CONTROL,M,0,,,,,,,,,,,,,0,,,,,,,,,,,12757.5,150,2996.83,0.038718734,0.83,6.98,11.93,"MISSING DAY 3 DATA, POWER SURGE + COMPUTER TURNED OFF",,OK
39,9,1,3,21.50,DB306,BLT,M,30,11,1,9.09%,,,,,,,,,,0,,,,,,,,,,,9929.35,181,3614.55,0.046699612,1.00,8.42,11.93,"MISSING DAY 3 DATA, POWER SURGE + COMPUTER TURNED OFF",,OK
39,9,1,4,21.50,DB311,BLTxGCT,M,15,3,1,33.33%,,,,,,,,,,15,6,4,66.67%,,,,,,,,18229.3,203,4532.13,0.058554651,1.26,9.44,13.33,"MISSING DAY 3 DATA, POWER SURGE + COMPUTER TURNED OFF",,OK
40,9,2,1,23.75,DB304,GCT,M,0,,,,,,,,,,,,,30,22,8,36.36%,,8,,,,,,14744.5,184,2642.41,0.03090538,0.73,7.75,9.47,"MISSING DAY 3 DATA, POWER SURGE + COMPUTER TURNED OFF",,OK
40,9,2,2,23.75,DB305,CONTROL,M,0,,,,,,,,,,,,,0,,,,,,,,,,,33127.4,289,4394.03,0.051392164,1.22,12.17,10.03,"MISSING DAY 3 DATA, POWER SURGE + COMPUTER TURNED OFF",,OK
40,9,2,3,23.75,DB306,BLT,M,30,11,1,9.09%,1,,,,,,,,,0,,,,,,,,,,,20067.6,272,3928.76,0.045950409,1.09,11.45,9.53,"MISSING DAY 3 DATA, POWER SURGE + COMPUTER TURNED OFF",,OK
40,9,2,4,23.75,DB311,BLTxGCT,M,15,3,1,33.33%,1,,,,,,,,,15,6,4,66.67%,,4,,,,,,35424.2,400,9704.97,0.113508421,2.70,16.84,16.01,"MISSING DAY 3 DATA, POWER SURGE + COMPUTER TURNED OFF",,OK
41,9,4,1,24.50,DB304,GCT,M,0,,,,,,,,,,,,,30,22,8,36.36%,,6,,,,,,31576.5,451,6638.07,0.075261565,1.84,18.41,10.02,"MISSING DAY 3 DATA, POWER SURGE + COMPUTER TURNED OFF",,OK
41,9,4,2,24.50,DB305,CONTROL,M,0,,,,,,,,,,,,,0,,,,,,,,,,,31350.3,174,2237.7,0.025370748,0.62,7.10,8.75,"MISSING DAY 3 DATA, POWER SURGE + COMPUTER TURNED OFF",,OK
41,9,4,3,24.50,DB306,BLT,M,30,11,1,9.09%,1,,,,,,,,,0,,,,,,,,,,,9292.12,246,4315.15,0.048924603,1.20,10.04,11.94,"MISSING DAY 3 DATA, POWER SURGE + COMPUTER TURNED OFF",,OK
41,9,4,4,24.50,DB311,BLTxGCT,M,15,3,1,33.33%,0,,,,,,,,,15,6,4,66.67%,,3,,,,,,51087,627,15928.6,0.180596372,4.42,25.59,17.29,"MISSING DAY 3 DATA, POWER SURGE + COMPUTER TURNED OFF",,OK
42,9,5,1,25.75,DB304,GCT,M,0,,,,,,,,,,,,,30,22,8,36.36%,,4,,,,,,15479.8,323,5581.18,0.060206904,1.55,12.54,12.36,"MISSING DAY 3 DATA, POWER SURGE + COMPUTER TURNED OFF",,OK
42,9,5,2,25.75,DB305,CONTROL,M,0,,,,,,,,,,,,,0,,,,,,,,,,,8331.14,34,385.686,0.004160583,0.11,1.32,8.11,"MISSING DAY 3 DATA, POWER SURGE + COMPUTER TURNED OFF",,OK
42,9,5,3,25.75,DB306,BLT,M,30,11,1,9.09%,1,,,,,,,,,0,,,,,,,,,,,5778.75,87,1214.71,0.013103668,0.34,3.38,9.99,"MISSING DAY 3 DATA, POWER SURGE + COMPUTER TURNED OFF",,OK
42,9,5,4,25.75,DB311,BLTxGCT,M,15,3,1,33.33%,0,,,,,,,,,15,6,4,66.67%,,2,,,,,,21820.5,240,5631,0.060744337,1.56,9.32,16.78,"MISSING DAY 3 DATA, POWER SURGE + COMPUTER TURNED OFF",,OK
43,9,6,1,21.25,DB304,GCT,M,0,,,,,,,,,,,,,30,22,8,36.36%,,4,,,,,,21237.8,421,6335.7,0.082819608,1.76,19.81,8.88,"MISSING DAY 3 DATA, POWER SURGE + COMPUTER TURNED OFF",,OK
43,9,6,2,21.25,DB305,CONTROL,M,0,,,,,,,,,,,,,0,,,,,,,,,,,29592.4,359,7020.39,0.091769804,1.95,16.89,11.54,"MISSING DAY 3 DATA, POWER SURGE + COMPUTER TURNED OFF",,OK
43,9,6,3,21.25,DB306,BLT,M,30,11,1,9.09%,1,,,,,,,,,0,,,,,,,,,,,9817.28,126,2030.9,0.026547712,0.56,5.93,9.51,"MISSING DAY 3 DATA, POWER SURGE + COMPUTER TURNED OFF",,OK
43,9,6,4,21.25,DB311,BLTxGCT,M,15,3,1,33.33%,0,,,,,,,,,15,6,4,66.67%,,2,,,,,,29992.3,327,10983.3,0.143572549,3.05,15.39,19.83,"MISSING DAY 3 DATA, POWER SURGE + COMPUTER TURNED OFF",,OK
45,10,0,1,19.25,R294,CONTROL,F,0,,,,,,,,,,,,,0,,,,,,,,,,,34119.7,427,8049.25,0.116150794,2.24,22.18,10.08,"MISSING DAY 1 DATA, POWER SURGE + COMPUTER TURNED OFF",,OK
45,10,0,2,19.25,R295,BLT,F,30,15,10,66.67%,,,,,,,,,,0,,,,,,,,,,,31513.1,413,8529.9,0.12308658,2.37,21.45,11.04,"MISSING DAY 1 DATA, POWER SURGE + COMPUTER TURNED OFF",,OK
45,10,0,3,19.25,R296,GCT,F,0,,,,,,,,,,,,,30,24,6,25.00%,,,,,,,,39640.6,295,5396.96,0.077878211,1.50,15.32,9.78,"MISSING DAY 1 DATA, POWER SURGE + COMPUTER TURNED OFF",,OK
45,10,0,4,19.25,R296,BLTxGCT,F,15,8,1,12.50%,,,,,,,,,,15,5,1,20.00%,,,,,,,,17741.4,61,733,0.010577201,0.20,3.17,6.43,"MISSING DAY 1 DATA, POWER SURGE + COMPUTER TURNED OFF",,OK
46,10,2,1,21.00,R294,CONTROL,F,0,,,,,,,,,,,,,0,,,,,,,,,,,37243.6,595,13202.5,0.174636243,3.67,28.33,12.94,"MISSING DAY 1 DATA, POWER SURGE + COMPUTER TURNED OFF",,OK
46,10,2,2,21.00,R295,BLT,F,30,15,10,66.67%,7,,,,,,3,,,0,,,,,,,,,,,22699.2,147,2951.32,0.039038624,0.82,7.00,11.71,"MISSING DAY 1 DATA, POWER SURGE + COMPUTER TURNED OFF",,OK
46,10,2,3,21.00,R296,GCT,F,0,,,,,,,,,,,,,30,24,6,25.00%,,6,,,,,,41702.1,516,11948.1,0.158043651,3.32,24.57,13.51,"MISSING DAY 1 DATA, POWER SURGE + COMPUTER TURNED OFF",,OK
46,10,2,4,21.00,R296,BLTxGCT,F,15,8,1,12.50%,,,1,,,,,,,15,5,1,20.00%,,1,,,,,,14460.5,197,3908.84,0.051704233,1.09,9.38,11.57,"MISSING DAY 1 DATA, POWER SURGE + COMPUTER TURNED OFF",,OK
47,10,3,1,25.50,R294,CONTROL,F,0,,,,,,,,,,,,,0,,,,,,,,,,,42326.9,639,15417.2,0.167943355,4.28,25.06,17.09,"MISSING DAY 1 DATA, POWER SURGE + COMPUTER TURNED OFF",,OK
47,10,3,2,25.50,R295,BLT,F,30,15,10,66.67%,7,,,,,,3,,,0,,,,,,,,,,,19502.9,240,4082.75,0.044474401,1.13,9.41,12.05,"MISSING DAY 1 DATA, POWER SURGE + COMPUTER TURNED OFF",,OK
47,10,3,3,25.50,R296,GCT,F,0,,,,,,,,,,,,,30,24,6,25.00%,,2,,,,,,50743.4,686,15357.8,0.167296296,4.27,26.90,15.86,"MISSING DAY 1 DATA, POWER SURGE + COMPUTER TURNED OFF",,OK
47,10,3,4,25.50,R296,BLTxGCT,F,15,8,1,12.50%,,,1,,,,,,,15,5,1,20.00%,,1,,,,,,10801.3,114,1827.73,0.019909913,0.51,4.47,11.36,"MISSING DAY 1 DATA, POWER SURGE + COMPUTER TURNED OFF",,OK
48,10,4,1,24.25,R294,CONTROL,F,0,,,,,,,,,,,,,0,,,,,,,,,,,31159.7,465,8769.17,0.100448683,2.44,19.18,12.70,"MISSING DAY 1 DATA, POWER SURGE + COMPUTER TURNED OFF",,OK
48,10,4,2,24.25,R295,BLT,F,30,15,10,66.67%,4,,,,,,0,,,0,,,,,,,,,,,17766.6,244,4851.79,0.05557606,1.35,10.06,13.39,"MISSING DAY 1 DATA, POWER SURGE + COMPUTER TURNED OFF",,OK
48,10,4,3,24.25,R296,GCT,F,0,,,,,,,,,,,,,30,24,6,25.00%,,2,,,,,,52416,752,18160.1,0.208019473,5.04,31.01,16.27,"MISSING DAY 1 DATA, POWER SURGE + COMPUTER TURNED OFF",,OK
48,10,4,4,24.25,R296,BLTxGCT,F,15,8,1,12.50%,,,1,,,,,,,15,5,1,20.00%,,1,,,,,,15306,220,4169.8,0.047764032,1.16,9.07,12.77,"MISSING DAY 1 DATA, POWER SURGE + COMPUTER TURNED OFF",,OK
49,10,5,1,23.75,R294,CONTROL,F,0,,,,,,,,,,,,,0,,,,,,,,,,,42642.1,511,10113.7,0.118288889,2.81,21.52,13.06,"MISSING DAY 1 DATA, POWER SURGE + COMPUTER TURNED OFF",,OK
49,10,5,2,23.75,R295,BLT,F,30,15,10,66.67%,2,,,,,,0,,,0,,,,,,,,,,,31045.3,375,7612.85,0.089039181,2.11,15.79,13.39,"MISSING DAY 1 DATA, POWER SURGE + COMPUTER TURNED OFF",,OK
49,10,5,3,23.75,R296,GCT,F,0,,,,,,,,,,,,,30,24,6,25.00%,,2,,,,,,51006.3,557,12075.3,0.141231579,3.35,23.45,14.30,"MISSING DAY 1 DATA, POWER SURGE + COMPUTER TURNED OFF",,OK
49,10,5,4,23.75,R296,BLTxGCT,F,15,8,1,12.50%,,,0,,,,,,,15,5,1,20.00%,,1,,,,,,19354,241,4630.63,0.054159415,1.29,10.15,12.68,"MISSING DAY 1 DATA, POWER SURGE + COMPUTER TURNED OFF",,OK
50,10,6,1,23.50,R294,CONTROL,F,0,,,,,,,,,,,,,0,,,,,,,,,,,45082.5,637,12027.7,0.142171395,3.34,27.11,12.33,"MISSING DAY 1 DATA, POWER SURGE + COMPUTER TURNED OFF",,OK
50,10,6,2,23.50,R295,BLT,F,30,15,10,66.67%,0,,,,,,0,,,0,,,,,,,,,,,25470,239,4427.39,0.052333215,1.23,10.17,12.09,"MISSING DAY 1 DATA, POWER SURGE + COMPUTER TURNED OFF",,OK
50,10,6,3,23.50,R296,GCT,F,0,,,,,,,,,,,,,30,24,6,25.00%,,2,,,,,,53020.7,565,11306.4,0.13364539,3.14,24.04,13.06,"MISSING DAY 1 DATA, POWER SURGE + COMPUTER TURNED OFF",,OK
50,10,6,4,23.50,R296,BLTxGCT,F,15,8,1,12.50%,,,0,,,,,,,15,5,1,20.00%,,1,,,,,,11648.1,166,3666.5,0.043339243,1.02,7.06,14.42,"MISSING DAY 1 DATA, POWER SURGE + COMPUTER TURNED OFF",,OK
51,11,0,1,19.00,DB318,BLTxGCT,M,15,7,4,57.14%,,,,,,,,,,15,9,4,44.44%,,,,,,,,225538,414,6882.82,0.100626023,1.91,21.79,8.77,,,OK
51,11,0,2,19.00,DB319,CONTROL,M,0,,,,,,,,,,,,,0,,,,,,,,,,,102227,720,12929.4,0.189026316,3.59,37.89,9.48,,,OK
51,11,0,3,19.00,DB320,BLT,M,30,16,13,81.25%,,,,,,,,,,0,,,,,,,,,,,57438.5,561,10477.1,0.153173977,2.91,29.53,9.86,,,OK
51,11,0,4,19.00,DB321,GCT,M,0,,,,,,,,,,,,,30,19,1,5.26%,,,,,,,,68128.2,840,14584.2,0.213219298,4.05,44.21,9.16,,,OK
52,11,1,1,24.50,DB318,BLTxGCT,M,15,7,4,57.14%,,,,,,,,,,15,9,4,44.44%,,,,,,,,75255.5,375,7834.43,0.088825737,2.18,15.31,14.22,,,OK
52,11,1,2,24.50,DB319,CONTROL,M,0,,,,,,,,,,,,,0,,,,,,,,,,,73727.8,424,10990.8,0.124612245,3.05,17.31,17.64,,,OK
52,11,1,3,24.50,DB320,BLT,M,30,16,13,81.25%,,,,,,,,,,0,,,,,,,,,,,38049.9,705,15954.1,0.180885488,4.43,28.78,15.40,,,OK
52,11,1,4,24.50,DB321,GCT,M,0,,,,,,,,,,,,,30,19,1,5.26%,,,,,,,,48683.4,658,12864.3,0.145853741,3.57,26.86,13.31,,,OK
53,11,2,1,24.50,DB318,BLTxGCT,M,15,7,4,57.14%,3,,,,,,1,,,15,9,4,44.44%,,4,,,,,,134899,297,4374.84,0.049601361,1.22,12.12,10.02,,,OK
53,11,2,2,24.50,DB319,CONTROL,M,0,,,,,,,,,,,,,0,,,,,,,,,,,66580.3,772,19955.1,0.226248299,5.54,31.51,17.59,,,OK
53,11,2,3,24.50,DB320,BLT,M,30,16,13,81.25%,10,1,1,,,1,,,,0,,,,,,,,,,,37112,617,14759.6,0.167342404,4.10,25.18,16.28,,,OK
53,11,2,4,24.50,DB321,GCT,M,0,,,,,,,,,,,,,30,19,1,5.26%,,1,,,,,,47651.1,521,10774,0.122154195,2.99,21.27,14.07,,,OK
54,11,3,1,23.25,DB318,BLTxGCT,M,15,7,4,57.14%,3,,,,,,1,,,15,9,4,44.44%,,4,,,,,,44639.1,174,4880.31,0.058307168,1.36,7.48,18.11,,,OK
54,11,3,2,23.25,DB319,CONTROL,M,0,,,,,,,,,,,,,0,,,,,,,,,,,30417.2,291,5432.53,0.064904779,1.51,12.52,12.06,,,OK
54,11,3,3,23.25,DB320,BLT,M,30,16,13,81.25%,10,1,1,,,1,,,,0,,,,,,,,,,,14060.1,309,6849.75,0.081836918,1.90,13.29,14.32,,,OK
54,11,3,4,23.25,DB321,GCT,M,0,,,,,,,,,,,,,30,19,1,5.26%,,1,,,,,,12261,219,6552.42,0.078284588,1.82,9.42,19.32,,,OK
55,11,4,1,24.50,DB318,BLTxGCT,M,15,7,4,57.14%,2,,,,,,1,,,15,9,4,44.44%,,4,,,,,,66432.3,480,12750.8,0.144566893,3.54,19.59,18.08,,,OK
55,11,4,2,24.50,DB319,CONTROL,M,0,,,,,,,,,,,,,0,,,,,,,,,,,53118.2,230,3823.29,0.043347959,1.06,9.39,11.31,,,OK
55,11,4,3,24.50,DB320,BLT,M,30,16,13,81.25%,10,1,1,,,1,,,,0,,,,,,,,,,,34884.7,576,13753.4,0.15593424,3.82,23.51,16.25,,,OK
55,11,4,4,24.50,DB321,GCT,M,0,,,,,,,,,,,,,30,19,1,5.26%,,1,,,,,,42692.4,516,12823.8,0.145394558,3.56,21.06,16.91,,,OK
56,11,5,1,23.00,DB318,BLTxGCT,M,15,7,4,57.14%,0,,,,,,0,,,15,9,4,44.44%,,4,,,,,,27643.2,232,4841.61,0.058473551,1.34,10.09,13.33,,,OK
56,11,5,2,23.00,DB319,CONTROL,M,0,,,,,,,,,,,,,0,,,,,,,,,,,41646.7,523,9557.92,0.115433816,2.65,22.74,11.68,,,OK
56,11,5,3,23.00,DB320,BLT,M,30,16,13,81.25%,3,0,0,,,0,,,,0,,,,,,,,,,,21253.4,482,12380.8,0.14952657,3.44,20.96,16.41,,,OK
56,11,5,4,23.00,DB321,GCT,M,0,,,,,,,,,,,,,30,19,1,5.26%,,1,,,,,,28471.4,581,15413.6,0.186154589,4.28,25.26,16.95,,,OK
57,11,6,1,23.25,DB318,BLTxGCT,M,15,7,4,57.14%,0,,,,,,0,,,15,9,4,44.44%,,4,,,,,,53986.9,368,7110.84,0.084956272,1.98,15.83,12.48,,,OK
57,11,6,2,23.25,DB319,CONTROL,M,0,,,,,,,,,,,,,0,,,,,,,,,,,61027.8,427,8805.91,0.105208005,2.45,18.37,13.32,,,OK
57,11,6,3,23.25,DB320,BLT,M,30,16,13,81.25%,0,0,0,,,0,,,,0,,,,,,,,,,,40579.7,764,18972.9,0.226677419,5.27,32.86,16.04,,,OK
57,11,6,4,23.25,DB321,GCT,M,0,,,,,,,,,,,,,30,19,1,5.26%,,1,,,,,,34838.3,542,9844.88,0.117621027,2.73,23.31,11.73,,,OK
58,12,0,1,19.00,BK107,BLTxGCT,F,15,2,2,100.00%,,,,,,,,,,15,8,3,37.50%,,,,,,,,79609.4,449,6670.67,0.097524415,1.85,23.63,7.84,,CDC,OK
58,12,0,2,19.00,BK108,CONTROL,F,0,,,,,,,,,,,,,0,,,,,,,,,,,56981.1,450,7505.17,0.109724708,2.08,23.68,8.80,,CDC,OK
58,12,0,3,19.00,BK109,BLT,F,30,12,12,100.00%,,,,,,,,,,0,,,,,,,,,,,69082.8,422,9203.97,0.134560965,2.56,22.21,11.51,,CDC,OK
58,12,0,4,19.00,BK111,GCT,F,0,,,,,,,,,,,,,30,14,4,28.57%,,,,,,,,71636.4,755,20303,0.296827485,5.64,39.74,14.19,,CDC,OK
59,12,1,1,26.75,BK107,BLTxGCT,F,15,2,2,100.00%,,,,,,,,,,15,8,3,37.50%,,,,,,,,52258,376,7428.73,0.077141537,2.06,14.06,14.68,,CDC,OK
59,12,1,2,26.75,BK108,CONTROL,F,0,,,,,,,,,,,,,0,,,,,,,,,,,41183.5,336,7674.44,0.079693043,2.13,12.56,16.97,,CDC,OK
59,12,1,3,26.75,BK109,BLT,F,30,12,12,100.00%,,,,,,,,,,0,,,,,,,,,,,35475.5,448,10377.7,0.107764278,2.88,16.75,17.21,,CDC,OK
59,12,1,4,26.75,BK111,GCT,F,0,,,,,,,,,,,,,30,14,4,28.57%,,,,,,,,46919.4,614,15322.1,0.159107996,4.26,22.95,18.54,,CDC,OK
60,12,2,1,20.00,BK107,BLTxGCT,F,15,2,2,100.00%,1,1,,,,,,,,15,8,3,37.50%,1,2,,,,,,33235.1,463,8541.98,0.118638611,2.37,23.15,10.25,,CDC,OK
60,12,2,2,20.00,BK108,CONTROL,F,0,,,,,,,,,,,,,0,,,,,,,,,,,43770.5,390,7912.48,0.109895556,2.20,19.50,11.27,,CDC,OK
60,12,2,3,20.00,BK109,BLT,F,30,12,12,100.00%,3,2,4,,1,,2,,,0,,,,,,,,,,,19939,226,5784.98,0.080346944,1.61,11.30,14.22,,CDC,OK
60,12,2,4,20.00,BK111,GCT,F,0,,,,,,,,,,,,,30,14,4,28.57%,,4,,,,,,24049.5,382,9628.7,0.133731944,2.67,19.10,14.00,,CDC,OK
61,12,3,1,24.50,BK107,BLTxGCT,F,15,2,2,100.00%,1,1,,,,,,,,15,8,3,37.50%,1,2,,,,,,33637.2,421,9580.98,0.108627891,2.66,17.18,15.49,,CDC,OK
61,12,3,2,24.50,BK108,CONTROL,F,0,,,,,,,,,,,,,0,,,,,,,,,,,41596.3,444,10490.5,0.118939909,2.91,18.12,16.08,,CDC,OK
61,12,3,3,24.50,BK109,BLT,F,30,12,12,100.00%,3,2,4,,1,,2,,,0,,,,,,,,,,,32473.3,425,8803.5,0.099812925,2.45,17.35,14.10,,CDC,OK
61,12,3,4,24.50,BK111,GCT,F,0,,,,,,,,,,,,,30,14,4,28.57%,,4,,,,,,36196.7,616,15588.2,0.176736961,4.33,25.14,17.22,,CDC,OK
62,12,4,1,24.00,BK107,BLTxGCT,F,15,2,2,100.00%,1,1,,,,,,,,15,8,3,37.50%,1,2,,,,,,39931.1,337,7954.55,0.092066551,2.21,14.04,15.74,,CDC,OK
62,12,4,2,24.00,BK108,CONTROL,F,0,,,,,,,,,,,,,0,,,,,,,,,,,62251.5,627,10680,0.123611111,2.97,26.13,11.36,,CDC,OK
62,12,4,3,24.00,BK109,BLT,F,30,12,12,100.00%,3,2,2,,1,,2,,,0,,,,,,,,,,,45316.1,485,11246.6,0.130168981,3.12,20.21,15.46,,CDC,OK
62,12,4,4,24.00,BK111,GCT,F,0,,,,,,,,,,,,,30,14,4,28.57%,,4,,,,,,43567.8,668,19542.2,0.22618287,5.43,27.83,19.50,,CDC,OK
63,12,5,1,24.00,BK107,BLTxGCT,F,15,2,2,100.00%,0,1,,,,,,,,15,8,3,37.50%,1,2,,,,,,34561.4,332,9113.21,0.105476968,2.53,13.83,18.30,,CDC,OK
63,12,5,2,24.00,BK108,CONTROL,F,0,,,,,,,,,,,,,0,,,,,,,,,,,50070.3,274,5852.79,0.067740625,1.63,11.42,14.24,,CDC,OK
63,12,5,3,24.00,BK109,BLT,F,30,12,12,100.00%,3,0,0,,0,,0,,,0,,,,,,,,,,,29241.9,283,7605.47,0.088026273,2.11,11.79,17.92,,CDC,OK
63,12,5,4,24.00,BK111,GCT,F,0,,,,,,,,,,,,,30,14,4,28.57%,,4,,,,,,25480.5,330,9989.69,0.115621412,2.77,13.75,20.18,,CDC,OK
64,12,6,1,24.25,BK107,BLTxGCT,F,15,2,2,100.00%,0,0,,,,,,,,15,8,3,37.50%,1,2,,,,,,60604,419,7943.54,0.090991294,2.21,17.28,12.77,,CDC,OK
64,12,6,2,24.25,BK108,CONTROL,F,0,,,,,,,,,,,,,0,,,,,,,,,,,38467.7,319,5566.93,0.063767812,1.55,13.15,11.76,,CDC,OK
64,12,6,3,24.25,BK109,BLT,F,30,12,12,100.00%,0,0,0,,0,,0,,,0,,,,,,,,,,,50062.7,618,13811.5,0.158207331,3.84,25.48,15.05,,CDC,OK
64,12,6,4,24.25,BK111,GCT,F,0,,,,,,,,,,,,,30,14,4,28.57%,,4,,,,,,40419.1,708,17257.4,0.197679267,4.79,29.20,16.42,,CDC,OK
65,13,0,1,18.25,DB342,GCT,M,0,,,,,,,,,,,,,30,15,1,6.67%,,,,,,,,71220.2,704,12642.8,0.192432268,3.51,38.58,9.10,,CDC,OK
65,13,0,2,18.25,DB343,BLTxGCT,M,15,5,3,60.00%,,,,,,,,,,15,8,1,12.50%,,,,,,,,122640,776,13635.6,0.207543379,3.79,42.52,8.91,,CDC,OK
65,13,0,3,18.25,DB344,CONTROL,M,0,,,,,,,,,,,,,0,,,,,,,,,,,107797,612,11999.5,0.182640791,3.33,33.53,9.94,,CDC,OK
65,13,0,4,18.25,DB345,BLT,M,30,22,17,77.27%,,,,,,,,,,15,,,,,,,,,,,79522.5,783,15402.8,0.2344414,4.28,42.90,9.97,,CDC,OK
66,13,1,1,25.50,DB342,GCT,M,0,,,,,,,,,,,,,30,15,1,6.67%,,,,,,,,42790.4,586,10811.3,0.117770153,3.00,22.98,13.07,,CDC,OK
66,13,1,2,25.50,DB343,BLTxGCT,M,15,5,3,60.00%,,,,,,,,,,15,8,1,12.50%,,,,,,,,67708.2,763,13927.9,0.151720044,3.87,29.92,12.93,,CDC,OK
66,13,1,3,25.50,DB344,CONTROL,M,0,,,,,,,,,,,,,0,,,,,,,,,,,55573.4,534,11046.5,0.120332244,3.07,20.94,14.65,,CDC,OK
66,13,1,4,25.50,DB345,BLT,M,30,22,17,77.27%,,,,,,,,,,15,,,,,,,,,,,55892.6,666,12949.2,0.141058824,3.60,26.12,13.77,,CDC,OK
67,13,2,1,23.00,DB342,GCT,M,0,,,,,,,,,,,,,30,15,1,6.67%,,,,1,,,,38273.2,446,8860.83,0.107014855,2.46,19.39,12.69,,CDC,OK
67,13,2,2,23.00,DB343,BLTxGCT,M,15,5,3,60.00%,1,,,,,,2,,,15,8,1,12.50%,,1,,,,,,57904.7,635,10278.6,0.124137681,2.86,27.61,10.34,,CDC,OK
67,13,2,3,23.00,DB344,CONTROL,M,0,,,,,,,,,,,,,0,,,,,,,,,,,35902.1,513,10664.1,0.128793478,2.96,22.30,13.28,,CDC,OK
67,13,2,4,23.00,DB345,BLT,M,30,22,17,77.27%,3,5,5,2,2,,,,,15,,,,,,,,,,,34733.8,494,12432.9,0.150155797,3.45,21.48,16.08,,CDC,OK
68,13,3,1,21.25,DB342,GCT,M,0,,,,,,,,,,,,,30,15,1,6.67%,,,,1,,,,47207.1,600,12285.6,0.160596078,3.41,28.24,12.09,,CDC,OK
68,13,3,2,21.25,DB343,BLTxGCT,M,15,5,3,60.00%,1,,,,,,2,,,15,8,1,12.50%,,1,,,,,,62146.1,615,10012.5,0.130882353,2.78,28.94,9.61,,CDC,OK
68,13,3,3,21.25,DB344,CONTROL,M,0,,,,,,,,,,,,,0,,,,,,,,,,,34574.9,368,6574.37,0.085939477,1.83,17.32,10.55,,CDC,OK
68,13,3,4,21.25,DB345,BLT,M,30,22,17,77.27%,3,5,5,2,2,,,,,15,,,,,,,,,,,32124.9,446,12825.1,0.167648366,3.56,20.99,16.97,,CDC,OK
69,13,4,1,17.50,DB342,GCT,M,0,,,,,,,,,,,,,30,15,1,6.67%,,,,1,,,,54069.1,550,10333.1,0.16401746,2.87,31.43,9.13,,CDC,OK
69,13,4,2,17.50,DB343,BLTxGCT,M,15,5,3,60.00%,1,,,,,,1,,,15,8,1,12.50%,,1,,,,,,44894.6,716,13437.4,0.213292063,3.73,40.91,9.12,,CDC,OK
69,13,4,3,17.50,DB344,CONTROL,M,0,,,,,,,,,,,,,0,,,,,,,,,,,31070.6,340,5937.2,0.09424127,1.65,19.43,8.49,,CDC,OK
69,13,4,4,17.50,DB345,BLT,M,30,22,17,77.27%,3,5,5,1,2,,,,,15,,,,,,,,,,,34528.8,445,12562.4,0.199403175,3.49,25.43,13.72,,CDC,OK
70,13,5,1,30.00,DB342,GCT,M,0,,,,,,,,,,,,,30,15,1,6.67%,,,,1,,,,10073.3,136,3685.75,0.034127315,1.02,4.53,22.58,,CDC,OK
70,13,5,2,30.00,DB343,BLTxGCT,M,15,5,3,60.00%,1,,,,,,1,,,15,8,1,12.50%,,1,,,,,,13900.4,151,4326.86,0.040063519,1.20,5.03,23.88,,CDC,OK
70,13,5,3,30.00,DB344,CONTROL,M,0,,,,,,,,,,,,,0,,,,,,,,,,,14925.7,67,896.73,0.008303056,0.25,2.23,11.15,,CDC,OK
70,13,5,4,30.00,DB345,BLT,M,30,22,17,77.27%,3,5,1,1,2,,,,,15,,,,,,,,,,,13988.1,140,3202.14,0.029649444,0.89,4.67,19.06,,CDC,OK
71,13,6,1,25.50,DB342,GCT,M,0,,,,,,,,,,,,,30,15,1,6.67%,,,,1,,,,56553,404,6796.4,0.074034858,1.89,15.84,11.92,,CDC,OK
71,13,6,2,25.50,DB343,BLTxGCT,M,15,5,3,60.00%,0,,,,,,0,,,15,8,1,12.50%,,1,,,,,,48548.4,635,12503.2,0.136200436,3.47,24.90,13.95,,CDC,OK
71,13,6,3,25.50,DB344,CONTROL,M,0,,,,,,,,,,,,,0,,,,,,,,,,,46342.5,239,3935.4,0.042869281,1.09,9.37,11.66,,CDC,OK
71,13,6,4,25.50,DB345,BLT,M,30,22,17,77.27%,0,0,0,0,0,,,,,15,,,,,,,,,,,39765.9,502,9646.41,0.105080719,2.68,19.69,13.61,,CDC,OK
72,14,0,1,18.50,BK121,BLT,F,30,17,12,70.59%,,,,,,,,,,0,,,,,,,,,,,69250.5,734,9820.05,0.147448198,2.73,39.68,6.88,,CDC,OK
72,14,0,2,18.50,BK125,BLTxGCT,F,15,4,1,25.00%,,,,,,,,,,15,10,1,10.00%,,,,,,,,112140,334,7846.88,0.117821021,2.18,18.05,12.07,,CDC,OK
72,14,0,3,18.50,BK127,GCT,F,0,,,,,,,,,,,,,30,16,7,43.75%,,,,,,,,540431,341,5432.43,0.081568018,1.51,18.43,8.19,,CDC,OK
72,14,0,4,18.50,BK128,CONTROL,F,0,,,,,,,,,,,,,0,,,,,,,,,,,76249,329,7898.5,0.118596096,2.19,17.78,12.34,,CDC,OK
73,14,1,1,23.00,BK121,BLT,F,30,17,12,70.59%,,,,,,,,,,0,,,,,,,,,,,44166.7,805,13266.1,0.160218599,3.69,35.00,10.53,,CDC,OK
73,14,1,2,23.00,BK125,BLTxGCT,F,15,4,1,25.00%,,,,,,,,,,15,10,1,10.00%,,,,,,,,110094,450,9574.84,0.115638164,2.66,19.57,13.59,,CDC,OK
73,14,1,3,23.00,BK127,GCT,F,0,,,,,,,,,,,,,30,16,7,43.75%,,,,,,,,925805,421,8797.86,0.106254348,2.44,18.30,13.35,,CDC,OK
73,14,1,4,23.00,BK128,CONTROL,F,0,,,,,,,,,,,,,0,,,,,,,,,,,65740.6,719,15810.5,0.190948068,4.39,31.26,14.05,,CDC,OK
74,14,2,1,24.50,BK121,BLT,F,30,17,12,70.59%,1,,3,,,,8,,,0,,,,,,,,,,,49773,568,9361.23,0.106136395,2.60,23.18,11.22,,CDC,OK
74,14,2,2,24.50,BK125,BLTxGCT,F,15,4,1,25.00%,,,1,,,,,,,15,10,1,10.00%,,1,,,,,,90556.7,447,9001.37,0.102056349,2.50,18.24,13.70,,CDC,OK
74,14,2,3,24.50,BK127,GCT,F,0,,,,,,,,,,,,,30,16,7,43.75%,,5,,1,,1,,768742,420,8076.38,0.091568934,2.24,17.14,13.09,,CDC,OK
74,14,2,4,24.50,BK128,CONTROL,F,0,,,,,,,,,,,,,0,,,,,,,,,,,52494.9,524,9838.57,0.111548413,2.73,21.39,12.78,,CDC,OK
75,14,3,1,23.00,BK121,BLT,F,30,17,12,70.59%,1,,3,,,,8,,,0,,,,,,,,,,,63726.6,865,14206.6,0.171577295,3.95,37.61,10.49,,CDC,OK
75,14,3,2,23.00,BK125,BLTxGCT,F,15,4,1,25.00%,,,1,,,,,,,15,10,1,10.00%,,1,,,,,,250697,426,8407.77,0.101543116,2.34,18.52,12.61,,CDC,OK
75,14,3,3,23.00,BK127,GCT,F,0,,,,,,,,,,,,,30,16,7,43.75%,,4,,1,,1,,927989,407,7312.71,0.088317754,2.03,17.70,11.48,,CDC,OK
75,14,3,4,23.00,BK128,CONTROL,F,0,,,,,,,,,,,,,0,,,,,,,,,,,51973.6,438,7754.49,0.093653261,2.15,19.04,11.31,,CDC,OK
76,14,4,1,24.00,BK121,BLT,F,30,17,12,70.59%,0,,3,,,,6,,,0,,,,,,,,,,,70633.7,692,10089.4,0.116775463,2.80,28.83,9.72,,CDC,OK
76,14,4,2,24.00,BK125,BLTxGCT,F,15,4,1,25.00%,,,1,,,,,,,15,10,1,10.00%,,1,,,,,,433888,491,7555.86,0.087452083,2.10,20.46,10.26,,CDC,OK
76,14,4,3,24.00,BK127,GCT,F,0,,,,,,,,,,,,,30,16,7,43.75%,,4,,1,,1,,256356,399,7171.5,0.083003472,1.99,16.63,11.98,,CDC,OK
76,14,4,4,24.00,BK128,CONTROL,F,0,,,,,,,,,,,,,0,,,,,,,,,,,50811.7,470,8891.32,0.102908796,2.47,19.58,12.61,,CDC,OK